1234567;DE TENA CALVO       ;000000003;
1234567;MUNOZ PEREZ         ;000000003;
1234567;MUNOZ PEREZ         ;000000003;
1234567;RODRIGUEZ BEJARANO  ;000000003;
1234567;RODRIGUEZ BEJARANO  ;000000003;
1234567;RODRIGUEZ BEJARANO  ;000000003;
1234567;RODRIGUEZ BEJARANO  ;000000003;
1234567;RODRIGUEZ BEJARANO  ;000000003;
1234567;RODRIGUEZ BEJARANO  ;000000003;
1234567;RODRIGUEZ BEJARANO  ;000000003;
1234567;RODRIGUEZ BEJARANO  ;000000003;
1234567;RODRIGUEZ BEJARANO  ;000000003;
1234567;RODRIGUEZ BEJARANO  ;000000003;
1234567;RODRIGUEZ BEJARANO  ;000000003;
1234567;RODRIGUEZ BEJARANO  ;000000003;
1234567;RODRIGUEZ BEJARANO  ;000000003;
1234567;RODRIGUEZ BEJARANO  ;000000003;
1234567;RODRIGUEZ BEJARANO  ;000000003;
1234567;RODRIGUEZ BEJARANO  ;000000003;
1234567;RODRIGUEZ BEJARANO  ;000000003;
1234567;RODRIGUEZ BEJARANO  ;000000003;
1234567;RODRIGUEZ BEJARANO  ;000000003;
1234567;OROZCO CALVO        ;000000003;
1234567;OROZCO CALVO        ;000000003;
1234567;OROZCO CALVO        ;000000003;
1234567;OROZCO CALVO        ;000000003;
1234567;OROZCO CALVO        ;000000003;
1234567;OROZCO CALVO        ;000000003;
1234567;OROZCO CALVO        ;000000003;
1234567;OROZCO CALVO        ;000000003;
1234567;OROZCO CALVO        ;000000003;
1234567;LOPEZ PEREZ         ;000000003;
1234567;LOPEZ PEREZ         ;000000003;
1234567;LOPEZ PEREZ         ;000000003;
1234567;LOPEZ PEREZ         ;000000003;
1234567;LOPEZ AREVALO       ;000000003;
1234567;LOPEZ AREVALO       ;000000003;
1234567;TRUJILLO MOLINA     ;000000003;
1234567;TRUJILLO MOLINA     ;000000003;
1234567;TRUJILLO MOLINA     ;000000003;
1234567;ALAMILLO SORIA      ;000000003;
1234567;ALAMILLO SORIA      ;000000003;
1234567;ALAMILLO SORIA      ;000000003;
1234567;ALAMILLO SORIA      ;000000003;
1234567;ALAMILLO SORIA      ;000000003;
1234567;ALAMILLO SORIA      ;000000003;
1234567;MERINO FERNANDEZ    ;000000003;
1234567;MERINO FERNANDEZ    ;000000003;
1234567;MERINO FERNANDEZ    ;000000003;
1234567;REQUENA VARONA      ;000000003;
1234567;REQUENA VARONA      ;000000003;
1234567;REQUENA VARONA      ;000000003;
1234567;REQUENA VARONA      ;000000003;
1234567;REQUENA VARONA      ;000000003;
1234567;REQUENA VARONA      ;000000003;
1234567;ALMANSA RIBERA      ;000000003;
1234567;ALMANSA RIBERA      ;000000003;
1234567;ALMANSA RIBERA      ;000000003;
1234567;MADRID PEREZ        ;000000003;
1234567;MADRID PEREZ        ;000000003;
1234567;MADRID PEREZ        ;000000003;
1234567;MADRID PEREZ        ;000000003;
1234567;PEREZ BORMUJO       ;000000003;
1234567;PEREZ BORMUJO       ;000000003;
1234567;PEREZ BORMUJO       ;000000003;
1234567;PEREZ BORMUJO       ;000000003;
1234567;PEREZ BORMUJO       ;000000003;
1234567;PEREZ BORMUJO       ;000000003;
1234567;PEREZ BORMUJO       ;000000003;
1234567;PEREZ BORMUJO       ;000000003;
1234567;PEREZ BORMUJO       ;000000003;
1234567;PEREZ BORMUJO       ;000000003;
1234567;PEREZ BORMUJO       ;000000003;
1234567;PEREZ BORMUJO       ;000000003;
1234567;PEREZ BORMUJO       ;000000003;
1234567;SAEZ HEREDIA        ;000000003;
1234567;SAEZ HEREDIA        ;000000003;
1234567;SAEZ HEREDIA        ;000000003;
1234567;SAEZ HEREDIA        ;000000003;
1234567;SAEZ HEREDIA        ;000000003;
1234567;SAEZ HEREDIA        ;000000003;
1234567;SAEZ HEREDIA        ;000000003;
1234567;SAEZ HEREDIA        ;000000003;
1234567;SAEZ HEREDIA        ;000000003;
1234567;SAEZ HEREDIA        ;000000003;
1234567;SAEZ HEREDIA        ;000000003;
1234567;DE TENA CALVO       ;000000001;
1234567;LOPEZ AREVALO       ;000000001;
1234567;LOPEZ PEREZ         ;000000001;
1234567;MUNOZ PEREZ         ;000000001;
1234567;MUNOZ PEREZ         ;000000001;
1234567;OROZCO CALVO        ;000000001;
1234567;OROZCO CALVO        ;000000001;
1234567;OROZCO CALVO        ;000000001;
1234567;OROZCO CALVO        ;000000001;
1234567;OROZCO CALVO        ;000000001;
1234567;OROZCO CALVO        ;000000001;
1234567;OROZCO CALVO        ;000000001;
1234567;OROZCO CALVO        ;000000001;
1234567;OROZCO CALVO        ;000000001;
1234567;RODRIGUEZ BEJARANO  ;000000001;
1234567;RODRIGUEZ BEJARANO  ;000000001;
1234567;RODRIGUEZ BEJARANO  ;000000001;
1234567;RODRIGUEZ BEJARANO  ;000000001;
1234567;RODRIGUEZ BEJARANO  ;000000001;
1234567;RODRIGUEZ BEJARANO  ;000000001;
1234567;RODRIGUEZ BEJARANO  ;000000001;
1234567;RODRIGUEZ BEJARANO  ;000000001;
1234567;RODRIGUEZ BEJARANO  ;000000001;
1234567;RODRIGUEZ BEJARANO  ;000000001;
1234567;RODRIGUEZ BEJARANO  ;000000001;
1234567;RODRIGUEZ BEJARANO  ;000000001;
1234567;RODRIGUEZ BEJARANO  ;000000001;
1234567;RODRIGUEZ BEJARANO  ;000000001;
1234567;RODRIGUEZ BEJARANO  ;000000001;
1234567;RODRIGUEZ BEJARANO  ;000000001;
1234567;RODRIGUEZ BEJARANO  ;000000001;
1234567;RODRIGUEZ BEJARANO  ;000000001;
1234567;RODRIGUEZ BEJARANO  ;000000001;
1234567;ALAMILLO SORIA      ;000000002;
1234567;ALAMILLO SORIA      ;000000002;
1234567;ALAMILLO SORIA      ;000000002;
1234567;ALAMILLO SORIA      ;000000002;
1234567;ALAMILLO SORIA      ;000000002;
1234567;ALAMILLO SORIA      ;000000002;
1234567;ALAMILLO SORIA      ;000000002;
1234567;ALAMILLO SORIA      ;000000002;
1234567;ALAMILLO SORIA      ;000000002;
1234567;ALAMILLO SORIA      ;000000002;
1234567;ALAMILLO SORIA      ;000000002;
1234567;ALAMILLO SORIA      ;000000002;
1234567;ALMANSA RIBERA      ;000000002;
1234567;ALMANSA RIBERA      ;000000002;
1234567;ALMANSA RIBERA      ;000000002;
1234567;DE TENA CALVO       ;000000002;
1234567;LOPEZ PEREZ         ;000000002;
1234567;LOPEZ PEREZ         ;000000002;
1234567;LOPEZ PEREZ         ;000000002;
1234567;LOPEZ PEREZ         ;000000002;
1234567;LOPEZ AREVALO       ;000000002;
1234567;LOPEZ AREVALO       ;000000002;
1234567;MADRID PEREZ        ;000000002;
1234567;MADRID PEREZ        ;000000002;
1234567;MADRID PEREZ        ;000000002;
1234567;MADRID PEREZ        ;000000002;
1234567;MERINO FERNANDEZ    ;000000002;
1234567;MERINO FERNANDEZ    ;000000002;
1234567;MERINO FERNANDEZ    ;000000002;
1234567;MUNOZ PEREZ         ;000000002;
1234567;MUNOZ PEREZ         ;000000002;
1234567;OROZCO CALVO        ;000000002;
1234567;OROZCO CALVO        ;000000002;
1234567;OROZCO CALVO        ;000000002;
1234567;OROZCO CALVO        ;000000002;
1234567;OROZCO CALVO        ;000000002;
1234567;OROZCO CALVO        ;000000002;
1234567;OROZCO CALVO        ;000000002;
1234567;OROZCO CALVO        ;000000002;
1234567;OROZCO CALVO        ;000000002;
1234567;PEREZ BORMUJO       ;000000002;
1234567;PEREZ BORMUJO       ;000000002;
1234567;PEREZ BORMUJO       ;000000002;
1234567;PEREZ BORMUJO       ;000000002;
1234567;PEREZ BORMUJO       ;000000002;
1234567;PEREZ BORMUJO       ;000000002;
1234567;PEREZ BORMUJO       ;000000002;
1234567;PEREZ BORMUJO       ;000000002;
1234567;PEREZ BORMUJO       ;000000002;
1234567;PEREZ BORMUJO       ;000000002;
1234567;PEREZ BORMUJO       ;000000002;
1234567;PEREZ BORMUJO       ;000000002;
1234567;PEREZ BORMUJO       ;000000002;
1234567;REQUENA VARONA      ;000000002;
1234567;REQUENA VARONA      ;000000002;
1234567;REQUENA VARONA      ;000000002;
1234567;REQUENA VARONA      ;000000002;
1234567;REQUENA VARONA      ;000000002;
1234567;REQUENA VARONA      ;000000002;
1234567;RODRIGUEZ BEJARANO  ;000000002;
1234567;RODRIGUEZ BEJARANO  ;000000002;
1234567;RODRIGUEZ BEJARANO  ;000000002;
1234567;RODRIGUEZ BEJARANO  ;000000002;
1234567;RODRIGUEZ BEJARANO  ;000000002;
1234567;RODRIGUEZ BEJARANO  ;000000002;
1234567;RODRIGUEZ BEJARANO  ;000000002;
1234567;RODRIGUEZ BEJARANO  ;000000002;
1234567;RODRIGUEZ BEJARANO  ;000000002;
1234567;RODRIGUEZ BEJARANO  ;000000002;
1234567;RODRIGUEZ BEJARANO  ;000000002;
1234567;RODRIGUEZ BEJARANO  ;000000002;
1234567;RODRIGUEZ BEJARANO  ;000000002;
1234567;RODRIGUEZ BEJARANO  ;000000002;
1234567;RODRIGUEZ BEJARANO  ;000000002;
1234567;RODRIGUEZ BEJARANO  ;000000002;
1234567;RODRIGUEZ BEJARANO  ;000000002;
1234567;RODRIGUEZ BEJARANO  ;000000002;
1234567;RODRIGUEZ BEJARANO  ;000000002;
1234567;SAEZ HEREDIA        ;000000002;
1234567;SAEZ HEREDIA        ;000000002;
1234567;SAEZ HEREDIA        ;000000002;
1234567;SAEZ HEREDIA        ;000000002;
1234567;SAEZ HEREDIA        ;000000002;
1234567;SAEZ HEREDIA        ;000000002;
1234567;SAEZ HEREDIA        ;000000002;
1234567;SAEZ HEREDIA        ;000000002;
1234567;SAEZ HEREDIA        ;000000002;
1234567;SAEZ HEREDIA        ;000000002;
1234567;SAEZ HEREDIA        ;000000002;
1234567;TRUJILLO MOLINA     ;000000002;
1234567;TRUJILLO MOLINA     ;000000002;
1234567;TRUJILLO MOLINA     ;000000002;
